<?xml version="1.0" encoding="UTF-8"?>
<beans xmlns="http://www.springframework.org/schema/beans"
	xmlns:xsi="http://www.w3.org/2001/XMLSchema-instance" 
	xmlns:context="http://www.springframework.org/schema/context"
	xmlns:p="http://www.springframework.org/schema/p"
	xmlns:tx="http://www.springframework.org/schema/tx"
	xsi:schemaLocation="http://www.springframework.org/schema/beans        
		http://www.springframework.org/schema/beans/spring-beans.xsd
		http://www.springframework.org/schema/context
		http://www.springframework.org/schema/context/spring-context.xsd
		http://www.springframework.org/schema/tx
		http://www.springframework.org/schema/tx/spring-tx.xsd">
	
	<context:component-scan base-package="springmvc" />
	
	<bean class="org.springframework.web.servlet.view.InternalResourceViewResolver" name="viewResolver">
		<property name="prefix" value="/WEB-INF/views/" />
		<property name="suffix" value=".jsp" />
	</bean>
	
			<tx:annotation-driven/>
	
	<bean class="org.springframework.jdbc.datasource.DriverManagerDataSource" name="ds">
		<property name="driverClassName" value="com.mysql.jdbc.Driver"></property>
		<property name="url" value="jdbc:mysql://localhost:3306/springjdbc"></property>
		<property name="username" value="root"></property>
		<property name="password" value="1234"></property>
	</bean>
	
	<bean class="org.springframework.orm.hibernate5.LocalSessionFactoryBean" name="factory">
	
	<!-- data source -->
		<property name="dataSource" ref="ds" />
		
		<!-- hibernate properties -->
		<property name="hibernateProperties">
			<props>
				<prop key="hibernate.dialect">org.hibernate.dialect.MySQL57Dialect</prop>
				<prop key="hibernate.show_sql">true</prop>
				<prop key="hibernate.hbm2ddl.auto">update</prop>
			</props>
		</property>
		
		<!-- annotated classes -->
		<property name="annotatedClasses">
			<list>
				<value>springmvc.model.User</value>
			</list>
		</property>
	</bean>
	
	<bean class="org.springframework.orm.hibernate5.HibernateTemplate" name="hibernateTemplate">
		<property name="sessionFactory" ref="factory" />
	</bean>
	
	<bean class="org.springframework.orm.hibernate5.HibernateTransactionManager" name="transactionManager">
		<property name="sessionFactory" ref="factory"></property>
	
	</bean>
		
	
</beans>


<!-- For Example /WEB-INF/views/index.jsp -->